num_iterations,vanilla_cfr_exp,split_cfr_exp
10,1.4317382728047217,1.1405483100588119
20,0.8820238418124131,0.7327998916831971
30,0.4419904749844699,0.38794596800596687
40,0.30892663903172185,0.18763273613230402
50,0.26405800482851305,0.12112840589668517
60,0.20037754011946118,0.17515444090234092
70,0.2517401104184086,0.1728341615324681
80,0.16848492632735276,0.1658286080679507
90,0.16548618486714345,0.1421208210397133
