num_iterations,vanilla_cfr_exp_5,split_cfr_exp_5,nodes_touched_split_5,nodes_touched_complete_5
100,86.60637455966643,45.032612369433316,1228900.0,2458000.0
1100,17.478740768537737,9.548419306312127,13517900.0,27038000.0
2100,14.280828267679363,7.858695827115878,25806900.0,51618000.0
3100,13.083530504217158,7.25911652804623,38095900.0,76198000.0
4100,12.513255399460347,6.952014935839833,50384900.0,100778000.0
5100,12.152934708418938,6.765345340577127,62673900.0,125358000.0
6100,11.917444986271514,6.639878891302186,74962900.0,149938000.0
7100,11.78060015455471,6.549755103794836,87251900.0,174518000.0
8100,11.610181717112473,6.481884103326338,99540900.0,199098000.0
9100,11.554699264502041,6.428929806257509,111829900.0,223678000.0
