num_iterations,vanilla_cfr_exp_3,split_cfr_exp_3,nodes_touched_split_3,nodes_touched_complete_3
100,0.8309329351379415,0.5535089983258935,402700.0,849700.0
200,0.37410147178979064,0.19316423688616083,756800.0,1597400.0
300,0.27394784810776934,0.1737238033234181,1208100.0,2549100.0
400,0.17207441035554336,0.08322762625558039,1610800.0,3398800.0
500,0.07693139008848074,0.0266712355840774,1797000.0,3798000.0
600,0.09768794906566779,0.048885498046875024,2416200.0,5098200.0
700,0.06436071963832908,0.027232142857142858,2818900.0,5947900.0
800,0.08539555899608009,0.046571444556831994,3027200.0,6389600.0
900,0.053713755288537,0.032413116939487695,2624400.0,5584500.0
1000,0.04805524235416666,0.023081914992559533,4027000.0,8497000.0
