num_iterations,vanilla_cfr_exp,split_cfr_exp
10,11.072184912195285,2.0787130917356063
20,9.077249640979547,1.23218386486889
30,3.5962313869336446,0.6901622787949151
40,3.045980414279972,0.5099055990513249
50,3.349723943712683,0.45483888619647833
60,2.580993855460323,0.5035094723088077
70,1.4184654063581492,0.23069275432331163
80,1.6116418651637043,0.23674020335918017
90,1.4011533034369161,0.21919003612207416
